{"lower_q": -14.48255481589837, "upper_q": 15.321557864595228}